48,null,null,null,null,null,null,null,1,null,
52,55,null,null,null,null,null,1,1,null,
52,55,null,null,null,null,null,1,1,null,
52,55,null,null,null,1,null,null,null,null,
48,null,null,null,null,null,null,1,null,null,
55,null,null,null,null,null,1,null,null,null,
52,55,null,null,1,null,null,null,null,null,
52,55,null,null,null,null,1,null,null,null,
45,null,null,null,null,null,null,null,1,null,
52,55,null,null,null,null,null,null,1,null,
48,52,55,null,null,1,1,null,null,null,
48,52,55,null,1,null,null,null,null,null,
45,null,null,null,1,null,null,null,null,null,
52,55,null,null,null,1,1,null,null,null,
48,52,55,null,null,null,null,1,1,null,
48,52,55,null,null,1,null,null,1,null,
45,null,null,null,null,null,null,1,null,null,
52,55,null,null,null,1,null,null,1,null,
48,52,55,null,1,null,null,1,1,null,
48,52,55,null,null,1,null,1,1,null,
50,null,null,null,1,null,null,null,null,null,
57,null,null,null,null,null,1,null,null,null,
53,57,null,null,null,null,1,null,1,null,
53,57,null,null,null,1,null,1,null,null,
50,null,null,null,1,null,null,null,null,null,
57,null,null,null,null,null,null,null,1,null,
53,57,null,null,1,null,null,null,1,null,
53,57,null,null,null,null,1,null,1,null,
50,null,null,null,null,1,null,null,null,null,
57,null,null,null,1,null,null,null,null,null,
53,57,null,null,1,null,null,null,1,null,
53,57,null,null,1,null,null,1,null,null,
48,null,null,null,null,1,null,null,null,null,
52,null,null,null,null,null,null,null,1,null,
55,null,null,null,null,null,1,null,null,null,
48,null,null,null,1,null,null,null,null,null,
48,null,null,null,null,null,1,null,null,null,
55,59,null,null,null,null,1,1,null,null,
52,55,59,null,null,null,1,1,1,null,
52,55,59,null,null,null,null,1,1,null,
48,null,null,null,null,1,null,null,null,null,
55,59,62,null,1,1,null,null,null,null,
55,59,60,62,null,1,1,null,1,null,
52,55,59,62,1,null,1,null,null,null,
48,null,null,null,null,null,null,1,null,null,
55,null,null,null,null,null,null,1,null,null,
52,null,null,null,null,null,null,1,null,null,
48,null,null,null,null,null,null,null,1,null,
52,null,null,null,null,1,null,null,null,null,
55,null,null,null,null,1,null,null,null,null,
48,null,null,null,null,1,null,null,null,null,
52,null,null,null,null,null,null,1,null,null,
55,null,null,null,null,null,null,null,1,null,
48,null,null,null,1,null,null,null,null,null,
52,null,null,null,1,null,null,null,null,null,
55,null,null,null,null,null,1,null,null,null,
43,null,null,null,1,null,null,null,null,null,
36,null,null,null,1,null,null,null,null,null,
40,null,null,null,null,null,1,null,null,null,
43,null,null,null,null,null,null,1,null,null,
null,null,null,null,null,null,null,null,null,null,
null,null,null,null,null,null,null,null,null,null,
null,null,null,null,null,null,null,null,null,null,
null,null,null,null,null,null,null,null,null,null,
null,null,null,null,null,null,null,null,null,null,
null,null,null,null,null,null,null,null,null,null,
null,null,null,null,null,null,null,null,null,null,
null,null,null,null,null,null,null,null,null,null,
null,null,null,null,null,null,null,null,null,null,
null,null,null,null,null,null,null,null,null,null,
null,null,null,null,null,null,null,null,null,null,
null,null,null,null,null,null,null,null,null,null,
null,null,null,null,null,null,null,null,null,null,
null,null,null,null,null,null,null,null,null,null,
null,null,null,null,null,null,null,null,null,null,
null,null,null,null,null,null,null,null,null,null,
null,null,null,null,null,null,null,null,null,null,
null,null,null,null,null,null,null,null,null,null,
null,null,null,null,null,null,null,null,null,null,
null,null,null,null,null,null,null,null,null,null,
null,null,null,null,null,null,null,null,null,null,
null,null,null,null,null,null,null,null,null,null,
null,null,null,null,null,null,null,null,null,null,
null,null,null,null,null,null,null,null,null,null,
null,null,null,null,null,null,null,null,null,null,
null,null,null,null,null,null,null,null,null,null,
null,null,null,null,null,null,null,null,null,null,
null,null,null,null,null,null,null,null,null,null,
null,null,null,null,null,null,null,null,null,null,
null,null,null,null,null,null,null,null,null,null,
null,null,null,null,null,null,null,null,null,null,
null,null,null,null,null,null,null,null,null,null,
null,null,null,null,null,null,null,null,null,null,
null,null,null,null,null,null,null,null,null,null,
null,null,null,null,null,null,null,null,null,null,
null,null,null,null,null,null,null,null,null,null,
null,null,null,null,null,null,null,null,null,null,
null,null,null,null,null,null,null,null,null,null,
null,null,null,null,null,null,null,null,null,null,
null,null,null,null,null,null,null,null,null,null,
null,null,null,null,null,null,null,null,null,null,
null,null,null,null,null,null,null,null,null,null,
null,null,null,null,null,null,null,null,null,null,
null,null,null,null,null,null,null,null,null,null,
null,null,null,null,null,null,null,null,null,null,
null,null,null,null,null,null,null,null,null,null,
null,null,null,null,null,null,null,null,null,null,
null,null,null,null,null,null,null,null,null,null,
null,null,null,null,null,null,null,null,null,null,
null,null,null,null,null,null,null,null,null,null,
null,null,null,null,null,null,null,null,null,null,
null,null,null,null,null,null,null,null,null,null,
null,null,null,null,null,null,null,null,null,null,
null,null,null,null,null,null,null,null,null,null,
null,null,null,null,null,null,null,null,null,null,
null,null,null,null,null,null,null,null,null,null,
null,null,null,null,null,null,null,null,null,null,
null,null,null,null,null,null,null,null,null,null,
null,null,null,null,null,null,null,null,null,null,
null,null,null,null,null,null,null,null,null,null,
null,null,null,null,null,null,null,null,null,null,
null,null,null,null,null,null,null,null,null,null,
null,null,null,null,null,null,null,null,null,null,
null,null,null,null,null,null,null,null,null,null,
null,null,null,null,null,null,null,null,null,null,
null,null,null,null,null,null,null,null,null,null,
null,null,null,null,null,null,null,null,null,null,
null,null,null,null,null,null,null,null,null,null,
null,null,null,null,null,null,null,null,null,null,
null,null,null,null,null,null,null,null,null,null,
null,null,null,null,null,null,null,null,null,null,
null,null,null,null,null,null,null,null,null,null,
null,null,null,null,null,null,null,null,null,null,
null,null,null,null,null,null,null,null,null,null,
null,null,null,null,null,null,null,null,null,null,
null,null,null,null,null,null,null,null,null,null,
null,null,null,null,null,null,null,null,null,null,
null,null,null,null,null,null,null,null,null,null,
null,null,null,null,null,null,null,null,null,null,
null,null,null,null,null,null,null,null,null,null,
null,null,null,null,null,null,null,null,null,null,
null,null,null,null,null,null,null,null,null,null,
null,null,null,null,null,null,null,null,null,null,
null,null,null,null,null,null,null,null,null,null,
null,null,null,null,null,null,null,null,null,null,
null,null,null,null,null,null,null,null,null,null,
null,null,null,null,null,null,null,null,null,null,
null,null,null,null,null,null,null,null,null,null,
null,null,null,null,null,null,null,null,null,null,
null,null,null,null,null,null,null,null,null,null,
null,null,null,null,null,null,null,null,null,null,
null,null,null,null,null,null,null,null,null,null,
null,null,null,null,null,null,null,null,null,null,
null,null,null,null,null,null,null,null,null,null,
null,null,null,null,null,null,null,null,null,null,
null,null,null,null,null,null,null,null,null,null,
null,null,null,null,null,null,null,null,null,null,
null,null,null,null,null,null,null,null,null,null,
null,null,null,null,null,null,null,null,null,null,
null,null,null,null,null,null,null,null,null,null,
null,null,null,null,null,null,null,null,null,null,
null,null,null,null,null,null,null,null,null,null,
null,null,null,null,null,null,null,null,null,null,
null,null,null,null,null,null,null,null,null,null,
null,null,null,null,null,null,null,null,null,null,
null,null,null,null,null,null,null,null,null,null,
null,null,null,null,null,null,null,null,null,null,
null,null,null,null,null,null,null,null,null,null,
null,null,null,null,null,null,null,null,null,null,
null,null,null,null,null,null,null,null,null,null,
null,null,null,null,null,null,null,null,null,null,
null,null,null,null,null,null,null,null,null,null,
null,null,null,null,null,null,null,null,null,null,
null,null,null,null,null,null,null,null,null,null,
null,null,null,null,null,null,null,null,null,null,
null,null,null,null,null,null,null,null,null,null,
null,null,null,null,null,null,null,null,null,null,
null,null,null,null,null,null,null,null,null,null,
null,null,null,null,null,null,null,null,null,null,
null,null,null,null,null,null,null,null,null,null,
null,null,null,null,null,null,null,null,null,null,
null,null,null,null,null,null,null,null,null,null,
null,null,null,null,null,null,null,null,null,null,
null,null,null,null,null,null,null,null,null,null,
null,null,null,null,null,null,null,null,null,null,
null,null,null,null,null,null,null,null,null,null,
null,null,null,null,null,null,null,null,null,null,
null,null,null,null,null,null,null,null,null,null,
null,null,null,null,null,null,null,null,null,null,
null,null,null,null,null,null,null,null,null,null,
null,null,null,null,null,null,null,null,null,null,
null,null,null,null,null,null,null,null,null,null,
null,null,null,null,null,null,null,null,null,null,
null,null,null,null,null,null,null,null,null,null,
null,null,null,null,null,null,null,null,null,null,
null,null,null,null,null,null,null,null,null,null,
null,null,null,null,null,null,null,null,null,null,
null,null,null,null,null,null,null,null,null,null,
null,null,null,null,null,null,null,null,null,null,
null,null,null,null,null,null,null,null,null,null,
null,null,null,null,null,null,null,null,null,null,
null,null,null,null,null,null,null,null,null,null,
null,null,null,null,null,null,null,null,null,null,
null,null,null,null,null,null,null,null,null,null,
null,null,null,null,null,null,null,null,null,null,
null,null,null,null,null,null,null,null,null,null,
null,null,null,null,null,null,null,null,null,null,
null,null,null,null,null,null,null,null,null,null,
null,null,null,null,null,null,null,null,null,null,
null,null,null,null,null,null,null,null,null,null,
null,null,null,null,null,null,null,null,null,null,
null,null,null,null,null,null,null,null,null,null,
null,null,null,null,null,null,null,null,null,null,
null,null,null,null,null,null,null,null,null,null,
null,null,null,null,null,null,null,null,null,null,
null,null,null,null,null,null,null,null,null,null,
null,null,null,null,null,null,null,null,null,null,
null,null,null,null,null,null,null,null,null,null,
null,null,null,null,null,null,null,null,null,null,
null,null,null,null,null,null,null,null,null,null,
null,null,null,null,null,null,null,null,null,null,
null,null,null,null,null,null,null,null,null,null,
